               epoch,      train/box_loss,      train/obj_loss,      train/cls_loss,   metrics/precision,      metrics/recall,     metrics/mAP_0.5,metrics/mAP_0.5:0.95,        val/box_loss,        val/obj_loss,        val/cls_loss,               x/lr0,               x/lr1,               x/lr2
                   0,             0.10835,            0.023527,            0.048271,             0.94758,             0.11741,             0.11795,            0.041534,             0.08701,            0.018999,             0.03851,              0.0701,           0.0033222,           0.0033222
                   1,            0.071332,            0.021167,            0.033296,             0.42594,             0.61295,              0.4603,             0.16567,            0.057313,            0.012519,            0.021829,            0.040067,           0.0066226,           0.0066226
                   2,              0.0615,            0.015744,            0.017104,             0.66881,             0.67694,              0.6739,             0.25377,            0.052448,            0.011366,            0.012844,            0.010001,             0.00989,             0.00989
                   3,            0.056639,            0.014237,           0.0091948,             0.70796,             0.77937,             0.74688,             0.25916,            0.055409,           0.0099719,           0.0057029,           0.0098515,           0.0098515,           0.0098515
                   4,            0.052532,            0.013325,            0.006588,             0.90433,             0.88563,              0.9196,             0.35608,            0.045789,           0.0089146,            0.003445,           0.0098515,           0.0098515,           0.0098515
                   5,            0.050402,            0.012416,           0.0052785,             0.90701,             0.81968,             0.88214,             0.35368,            0.045783,           0.0094106,           0.0056656,            0.009802,            0.009802,            0.009802
                   6,            0.048643,            0.012617,           0.0049674,             0.92441,             0.91679,             0.93874,             0.41786,            0.043702,           0.0083627,           0.0028853,           0.0097525,           0.0097525,           0.0097525
                   7,             0.04656,            0.012295,           0.0046893,             0.92286,             0.91729,             0.93882,             0.40239,            0.041681,            0.008506,           0.0024709,            0.009703,            0.009703,            0.009703
                   8,            0.045818,            0.011736,           0.0038898,             0.92791,             0.92481,             0.94895,             0.40746,             0.04205,           0.0082935,           0.0026322,           0.0096535,           0.0096535,           0.0096535
                   9,            0.044443,            0.011384,           0.0033734,             0.93502,             0.93612,             0.95601,             0.43413,            0.038816,           0.0081332,           0.0016622,            0.009604,            0.009604,            0.009604
                  10,            0.044052,            0.011415,           0.0031924,             0.94018,             0.93367,             0.95574,             0.44187,             0.03901,           0.0081265,           0.0019951,           0.0095545,           0.0095545,           0.0095545
                  11,            0.042644,            0.011089,           0.0029159,             0.94175,             0.93732,             0.95535,             0.42384,            0.039057,           0.0080561,           0.0017804,            0.009505,            0.009505,            0.009505
                  12,            0.042233,            0.010922,           0.0026405,             0.95004,             0.95207,             0.95938,             0.45136,            0.038045,           0.0077512,           0.0012437,           0.0094555,           0.0094555,           0.0094555
                  13,            0.041848,              0.0107,           0.0025303,              0.9345,             0.95562,             0.95749,             0.44827,            0.038251,            0.007988,           0.0016027,            0.009406,            0.009406,            0.009406
                  14,            0.041607,            0.010942,           0.0024581,              0.9419,             0.96512,             0.96763,             0.46179,            0.037465,           0.0078197,           0.0013947,           0.0093565,           0.0093565,           0.0093565
                  15,            0.040771,            0.010671,           0.0026684,             0.94581,             0.95739,             0.96461,             0.44223,            0.038253,           0.0078559,           0.0013797,            0.009307,            0.009307,            0.009307
                  16,            0.040292,            0.010319,           0.0021494,             0.93907,              0.9636,             0.96659,             0.45074,            0.037335,           0.0076412,           0.0012671,           0.0092575,           0.0092575,           0.0092575
                  17,            0.040134,            0.010491,           0.0022157,             0.94906,             0.96768,             0.97336,             0.47162,            0.036291,           0.0075676,             0.00119,            0.009208,            0.009208,            0.009208
                  18,            0.039558,            0.010381,           0.0020885,             0.94395,             0.96612,             0.96148,             0.44375,            0.036902,           0.0078764,          0.00092347,           0.0091585,           0.0091585,           0.0091585
                  19,             0.03962,            0.010355,           0.0019503,             0.95313,             0.97416,             0.97357,             0.45952,            0.036815,           0.0075762,          0.00094576,            0.009109,            0.009109,            0.009109
                  20,            0.039135,            0.010288,           0.0022628,             0.95142,             0.96217,              0.9706,              0.4678,            0.035919,           0.0075883,           0.0012915,           0.0090595,           0.0090595,           0.0090595
                  21,             0.03906,            0.010672,           0.0023248,             0.93653,             0.97229,             0.96598,             0.45562,            0.036567,           0.0076901,           0.0012744,             0.00901,             0.00901,             0.00901
                  22,            0.038883,            0.010359,           0.0022258,             0.95136,             0.97095,             0.97244,              0.4691,            0.035841,           0.0075936,           0.0010477,           0.0089605,           0.0089605,           0.0089605
                  23,            0.038342,            0.010325,           0.0020468,             0.95346,             0.96677,             0.97225,             0.46883,            0.035749,           0.0074906,           0.0010696,            0.008911,            0.008911,            0.008911
                  24,            0.038339,            0.010016,           0.0017664,               0.943,             0.97246,             0.97381,             0.47111,            0.035948,           0.0076213,          0.00090576,           0.0088615,           0.0088615,           0.0088615
                  25,            0.037805,            0.010083,           0.0016316,             0.95436,             0.97547,             0.97508,              0.4789,            0.036155,           0.0074711,          0.00069911,            0.008812,            0.008812,            0.008812
                  26,            0.037552,           0.0099329,           0.0016753,             0.95701,             0.97464,             0.98034,             0.47914,            0.034952,           0.0073598,          0.00075071,           0.0087625,           0.0087625,           0.0087625
                  27,            0.037267,            0.010029,           0.0016265,               0.949,             0.97753,             0.97592,             0.47452,            0.035166,           0.0074997,          0.00073397,            0.008713,            0.008713,            0.008713
                  28,              0.0374,           0.0098148,           0.0016211,             0.95318,             0.97577,             0.97671,             0.48517,            0.035028,           0.0074127,           0.0007488,           0.0086635,           0.0086635,           0.0086635
                  29,            0.037307,            0.010151,           0.0016929,             0.94938,             0.97798,             0.97575,             0.49865,            0.034074,           0.0073017,          0.00071027,            0.008614,            0.008614,            0.008614
                  30,            0.036677,           0.0097171,           0.0015427,             0.95469,             0.97537,             0.97796,             0.49728,            0.034637,            0.007287,          0.00078334,           0.0085645,           0.0085645,           0.0085645
                  31,             0.03692,           0.0097177,           0.0014835,             0.95812,             0.97284,             0.97762,             0.50005,            0.034174,           0.0073125,          0.00083562,            0.008515,            0.008515,            0.008515
                  32,            0.036594,           0.0097582,           0.0015735,             0.95718,             0.97497,             0.97778,             0.48553,            0.034252,           0.0073957,          0.00069411,           0.0084655,           0.0084655,           0.0084655
                  33,            0.036063,            0.010041,           0.0014876,             0.94479,             0.98137,             0.97868,             0.49144,            0.034456,           0.0072908,          0.00063814,            0.008416,            0.008416,            0.008416
                  34,            0.036682,           0.0097603,           0.0015339,             0.95171,             0.98081,             0.97689,             0.49439,            0.034962,           0.0072687,          0.00063062,           0.0083665,           0.0083665,           0.0083665
                  35,            0.036217,           0.0096823,           0.0015499,              0.9583,              0.9782,             0.98348,             0.49517,            0.034206,           0.0073215,          0.00074774,            0.008317,            0.008317,            0.008317
                  36,            0.036325,           0.0095836,           0.0015171,             0.95003,              0.9811,             0.98061,              0.4942,            0.034041,           0.0073437,          0.00063917,           0.0082675,           0.0082675,           0.0082675
                  37,             0.03596,           0.0097687,            0.001616,             0.95113,              0.9755,             0.97588,             0.49177,            0.034149,           0.0072945,          0.00076836,            0.008218,            0.008218,            0.008218
                  38,            0.035982,            0.009718,           0.0015104,             0.95855,             0.98197,             0.98323,              0.5108,            0.033082,            0.007146,          0.00068943,           0.0081685,           0.0081685,           0.0081685
                  39,            0.035677,           0.0098821,           0.0013043,              0.9573,             0.97906,             0.98023,             0.50199,            0.033298,           0.0072798,          0.00063778,            0.008119,            0.008119,            0.008119
                  40,            0.035606,           0.0097098,           0.0013555,             0.96168,             0.97795,             0.98403,              0.5055,            0.033483,           0.0071626,          0.00065127,           0.0080695,           0.0080695,           0.0080695
                  41,            0.035367,           0.0096966,           0.0014987,             0.95828,             0.97681,             0.98063,             0.50277,            0.033603,           0.0072021,          0.00075926,             0.00802,             0.00802,             0.00802
                  42,            0.035505,           0.0097417,            0.001385,             0.95338,             0.97959,             0.97676,             0.48884,            0.033873,           0.0072532,          0.00066271,           0.0079705,           0.0079705,           0.0079705
                  43,            0.035046,           0.0095323,           0.0012404,             0.95166,             0.98163,             0.97877,             0.50386,            0.033628,           0.0071998,          0.00061309,            0.007921,            0.007921,            0.007921
                  44,            0.035197,           0.0095402,           0.0013148,             0.96063,             0.97674,             0.97861,             0.50604,            0.033808,           0.0073161,          0.00062616,           0.0078715,           0.0078715,           0.0078715
                  45,            0.035234,           0.0098094,           0.0014825,             0.95634,             0.97475,             0.97783,             0.50283,            0.033196,           0.0072055,          0.00081638,            0.007822,            0.007822,            0.007822
                  46,            0.035122,           0.0095901,             0.00147,             0.95825,             0.97953,             0.97752,             0.50771,             0.03317,           0.0071712,          0.00047144,           0.0077725,           0.0077725,           0.0077725
                  47,            0.034622,           0.0095413,           0.0011607,             0.95641,             0.98155,             0.98019,             0.51014,            0.033045,           0.0071934,          0.00050214,            0.007723,            0.007723,            0.007723
                  48,            0.034427,           0.0094488,           0.0011182,             0.96448,             0.97282,             0.98064,             0.51266,            0.032859,           0.0071104,          0.00049855,           0.0076735,           0.0076735,           0.0076735
                  49,            0.034414,           0.0095027,           0.0011794,             0.96392,             0.97518,             0.98197,             0.50001,             0.03361,           0.0072299,          0.00049173,            0.007624,            0.007624,            0.007624
                  50,            0.034158,           0.0094912,           0.0012446,              0.9588,             0.98207,             0.98065,             0.51944,            0.032514,           0.0071174,          0.00052565,           0.0075745,           0.0075745,           0.0075745
                  51,            0.033779,           0.0094033,           0.0012738,             0.94885,             0.97807,             0.97794,             0.51472,            0.032878,           0.0072249,          0.00050001,            0.007525,            0.007525,            0.007525
                  52,            0.034016,           0.0094035,           0.0012002,              0.9543,             0.98208,             0.97817,             0.50947,            0.032844,           0.0071699,          0.00051292,           0.0074755,           0.0074755,           0.0074755
                  53,             0.03355,           0.0094037,           0.0011996,             0.95869,             0.97256,             0.98037,             0.51777,            0.032039,           0.0071224,          0.00054687,            0.007426,            0.007426,            0.007426
                  54,            0.033475,            0.009335,           0.0011457,             0.95463,             0.98329,             0.98488,             0.51976,             0.03265,           0.0071755,          0.00045354,           0.0073765,           0.0073765,           0.0073765
                  55,            0.033491,            0.009292,           0.0011119,             0.95691,             0.98092,             0.97987,             0.50733,            0.032976,           0.0071523,          0.00043292,            0.007327,            0.007327,            0.007327
                  56,            0.033233,           0.0092978,           0.0011341,             0.95595,             0.98591,             0.98338,             0.51273,            0.032737,           0.0070887,           0.0004583,           0.0072775,           0.0072775,           0.0072775
                  57,            0.033055,           0.0093844,           0.0010716,             0.95824,             0.98293,             0.98312,             0.51962,            0.032059,           0.0070496,          0.00047163,            0.007228,            0.007228,            0.007228
                  58,            0.033163,           0.0091737,           0.0010845,             0.95833,             0.97701,             0.97882,             0.52449,            0.031849,           0.0070524,          0.00043505,           0.0071785,           0.0071785,           0.0071785
                  59,            0.032835,           0.0089868,           0.0011206,             0.96563,              0.9733,             0.98168,             0.52565,            0.031926,           0.0070862,           0.0004803,            0.007129,            0.007129,            0.007129
                  60,            0.032736,           0.0092093,           0.0011167,             0.94907,             0.98415,             0.97711,              0.5204,            0.032167,           0.0070337,          0.00055845,           0.0070795,           0.0070795,           0.0070795
                  61,            0.032779,           0.0092058,           0.0011165,             0.96361,             0.97801,             0.98238,              0.5235,            0.032129,           0.0070067,          0.00047827,             0.00703,             0.00703,             0.00703
                  62,            0.032685,           0.0092446,           0.0011297,             0.95294,             0.98176,             0.98012,             0.52366,            0.031905,           0.0070658,          0.00051435,           0.0069805,           0.0069805,           0.0069805
                  63,            0.032408,           0.0090968,           0.0010535,             0.96258,             0.97953,             0.98164,             0.53153,            0.031491,           0.0069416,          0.00039134,            0.006931,            0.006931,            0.006931
                  64,            0.032216,           0.0091213,           0.0010957,             0.96452,             0.97598,             0.98235,             0.52953,            0.031691,            0.006974,          0.00040487,           0.0068815,           0.0068815,           0.0068815
                  65,            0.032429,           0.0091736,            0.001111,              0.9612,             0.97957,             0.98293,             0.52879,            0.031511,           0.0069508,          0.00041527,            0.006832,            0.006832,            0.006832
                  66,            0.032091,           0.0090348,          0.00098053,             0.96052,             0.98151,             0.98282,             0.52669,            0.031758,            0.006994,          0.00044669,           0.0067825,           0.0067825,           0.0067825
                  67,            0.031949,           0.0089182,          0.00094081,             0.96441,             0.98013,               0.983,             0.53828,             0.03111,           0.0069275,          0.00039816,            0.006733,            0.006733,            0.006733
                  68,            0.031974,           0.0089451,           0.0010531,             0.96079,             0.97955,             0.98404,             0.53011,            0.031603,           0.0070259,            0.000466,           0.0066835,           0.0066835,           0.0066835
                  69,            0.031698,           0.0088425,          0.00097225,             0.96208,             0.98167,             0.98335,              0.5375,            0.031246,           0.0069131,          0.00041534,            0.006634,            0.006634,            0.006634
                  70,            0.031567,           0.0091435,          0.00098953,             0.96746,             0.97794,             0.98323,             0.53459,            0.031129,           0.0069052,          0.00042465,           0.0065845,           0.0065845,           0.0065845
                  71,            0.031723,           0.0089237,          0.00095013,             0.96642,              0.9805,             0.98367,              0.5323,            0.031403,           0.0069607,          0.00038318,            0.006535,            0.006535,            0.006535
                  72,            0.031656,           0.0091796,           0.0010825,             0.96632,             0.98077,             0.98257,              0.5322,            0.031463,           0.0069691,          0.00040966,           0.0064855,           0.0064855,           0.0064855
                  73,            0.031723,           0.0090787,           0.0013207,             0.96661,             0.96988,             0.98305,             0.53074,            0.031371,           0.0069896,          0.00038532,            0.006436,            0.006436,            0.006436
                  74,            0.031651,           0.0089935,           0.0010836,             0.95958,              0.9845,             0.98336,             0.54449,             0.03078,           0.0068641,          0.00041986,           0.0063865,           0.0063865,           0.0063865
                  75,            0.031266,           0.0088369,           0.0009669,             0.96482,             0.98054,             0.98465,             0.54137,            0.030724,           0.0068903,            0.000383,            0.006337,            0.006337,            0.006337
                  76,            0.030799,           0.0087752,          0.00096336,             0.96416,               0.974,             0.98106,             0.54343,            0.030822,           0.0068874,          0.00047149,           0.0062875,           0.0062875,           0.0062875
                  77,            0.031007,           0.0087678,           0.0010786,             0.96339,             0.97869,             0.98514,             0.55848,            0.029743,           0.0067373,          0.00037757,            0.006238,            0.006238,            0.006238
                  78,            0.030642,           0.0088241,          0.00097377,             0.96432,             0.97708,             0.98309,             0.54867,            0.030449,           0.0068212,          0.00033093,           0.0061885,           0.0061885,           0.0061885
                  79,            0.030445,           0.0087939,           0.0010244,             0.96196,             0.98588,              0.9836,              0.5566,            0.030085,           0.0067056,          0.00040114,            0.006139,            0.006139,            0.006139
                  80,            0.030224,           0.0088388,          0.00097237,             0.96312,             0.98307,             0.98525,             0.56351,            0.029718,           0.0066408,          0.00034421,           0.0060895,           0.0060895,           0.0060895
                  81,            0.030402,           0.0087187,           0.0009046,              0.9658,             0.98138,             0.98454,             0.56432,            0.029651,           0.0066213,          0.00038105,             0.00604,             0.00604,             0.00604
                  82,            0.029838,            0.008587,           0.0010884,             0.96748,             0.98247,             0.98477,             0.56408,            0.029651,             0.00668,          0.00037863,           0.0059905,           0.0059905,           0.0059905
                  83,            0.029773,           0.0084274,           0.0010333,             0.96569,             0.97826,             0.98363,             0.57126,            0.029287,           0.0066051,           0.0003576,            0.005941,            0.005941,            0.005941
                  84,            0.029979,           0.0085973,            0.001073,             0.96577,             0.97953,             0.98367,             0.56857,            0.029429,           0.0066281,          0.00037404,           0.0058915,           0.0058915,           0.0058915
                  85,            0.029639,           0.0085133,          0.00089511,             0.97173,             0.97609,             0.98451,             0.57325,             0.02906,           0.0065912,          0.00037227,            0.005842,            0.005842,            0.005842
                  86,             0.02937,           0.0085717,          0.00090365,             0.96485,             0.97899,              0.9847,             0.57952,            0.028705,           0.0065468,          0.00036315,           0.0057925,           0.0057925,           0.0057925
                  87,            0.028995,           0.0085318,          0.00091218,             0.96401,             0.98158,             0.98275,             0.57991,            0.028758,           0.0065092,           0.0003749,            0.005743,            0.005743,            0.005743
                  88,            0.028784,           0.0085789,          0.00088643,             0.96562,             0.98143,             0.98478,             0.58087,            0.028621,           0.0065001,          0.00039132,           0.0056935,           0.0056935,           0.0056935
                  89,            0.028721,           0.0084325,          0.00088856,             0.96712,             0.98284,             0.98578,             0.57743,            0.028848,           0.0065156,           0.0003508,            0.005644,            0.005644,            0.005644
                  90,            0.028553,           0.0083451,           0.0010216,             0.96638,             0.98385,             0.98559,              0.5807,            0.028548,           0.0064586,          0.00031192,           0.0055945,           0.0055945,           0.0055945
                  91,            0.028952,           0.0083856,           0.0010051,             0.96247,             0.98422,             0.98598,              0.5876,            0.028333,           0.0064618,          0.00032299,            0.005545,            0.005545,            0.005545
                  92,            0.028604,           0.0084219,          0.00089014,             0.96827,             0.98181,             0.98443,             0.58533,            0.028339,           0.0064313,          0.00032921,           0.0054955,           0.0054955,           0.0054955
                  93,            0.028407,           0.0084861,           0.0011087,             0.97165,             0.97827,             0.98654,             0.58903,            0.028378,           0.0064089,          0.00033355,            0.005446,            0.005446,            0.005446
                  94,            0.028419,           0.0083988,          0.00095665,             0.96976,             0.97788,             0.98632,             0.58469,            0.028437,           0.0064348,          0.00034587,           0.0053965,           0.0053965,           0.0053965
                  95,            0.028545,           0.0083118,          0.00092954,             0.96556,             0.97834,             0.98536,             0.58488,            0.028302,            0.006437,          0.00034714,            0.005347,            0.005347,            0.005347
                  96,            0.028251,            0.008201,          0.00094481,             0.96975,             0.98039,             0.98722,             0.58721,              0.0283,           0.0063966,          0.00033204,           0.0052975,           0.0052975,           0.0052975
                  97,              0.0282,           0.0083675,           0.0010419,             0.96761,             0.98504,             0.98558,              0.5891,            0.028167,           0.0063737,           0.0003292,            0.005248,            0.005248,            0.005248
                  98,            0.028122,           0.0083875,           0.0009005,             0.96958,             0.98315,             0.98559,             0.58734,            0.028186,           0.0063536,          0.00034599,           0.0051985,           0.0051985,           0.0051985
                  99,            0.027844,           0.0082479,           0.0009841,             0.96923,             0.98185,             0.98643,             0.58882,            0.028136,           0.0063746,          0.00036581,            0.005149,            0.005149,            0.005149
                 100,            0.027693,           0.0080791,          0.00087449,             0.96919,             0.97817,             0.98488,             0.58753,            0.028182,           0.0063792,          0.00036777,           0.0050995,           0.0050995,           0.0050995
                 101,            0.027555,           0.0081685,          0.00083317,             0.96337,             0.98512,             0.98528,             0.59036,            0.027994,           0.0063759,          0.00033465,             0.00505,             0.00505,             0.00505
                 102,            0.027505,           0.0081273,          0.00095113,             0.97169,             0.98096,             0.98603,             0.59415,            0.027765,           0.0063359,          0.00033868,           0.0050005,           0.0050005,           0.0050005
                 103,            0.027399,           0.0081666,          0.00097076,             0.97312,             0.98147,             0.98561,             0.59421,            0.027756,           0.0063281,          0.00030911,            0.004951,            0.004951,            0.004951
                 104,            0.027303,           0.0082338,           0.0009742,             0.96752,             0.98519,             0.98571,             0.59647,             0.02763,           0.0063131,          0.00029156,           0.0049015,           0.0049015,           0.0049015
                 105,            0.027467,           0.0080985,          0.00098451,             0.97196,              0.9823,             0.98463,             0.59791,            0.027517,           0.0063058,          0.00030773,            0.004852,            0.004852,            0.004852
                 106,            0.027105,           0.0080301,          0.00081602,             0.97347,             0.98138,              0.9867,             0.60029,            0.027325,           0.0062689,          0.00029785,           0.0048025,           0.0048025,           0.0048025
                 107,            0.026752,           0.0079931,           0.0007788,             0.97241,             0.98344,             0.98601,             0.59808,            0.027446,            0.006268,          0.00030482,            0.004753,            0.004753,            0.004753
                 108,            0.026627,           0.0078475,          0.00078994,             0.97269,             0.98178,             0.98595,             0.59966,            0.027363,           0.0062614,          0.00031552,           0.0047035,           0.0047035,           0.0047035
                 109,            0.026507,           0.0079334,          0.00083668,             0.97446,             0.98167,             0.98671,             0.60159,            0.027383,           0.0062741,          0.00032736,            0.004654,            0.004654,            0.004654
                 110,            0.026521,           0.0080252,          0.00083419,             0.97337,             0.98378,             0.98663,             0.60121,            0.027429,           0.0062651,          0.00035031,           0.0046045,           0.0046045,           0.0046045
                 111,            0.025951,           0.0079009,          0.00082007,             0.97127,             0.98165,             0.98651,             0.60379,             0.02735,           0.0062696,          0.00031945,            0.004555,            0.004555,            0.004555
                 112,            0.026014,           0.0078038,          0.00082201,             0.97492,             0.97935,             0.98639,             0.60413,            0.027267,            0.006243,          0.00033829,           0.0045055,           0.0045055,           0.0045055
                 113,            0.026136,           0.0080202,          0.00079196,             0.97205,             0.98391,             0.98656,             0.60333,            0.027209,           0.0062316,          0.00030862,            0.004456,            0.004456,            0.004456
                 114,            0.025841,           0.0079131,          0.00076736,             0.97012,             0.98492,             0.98636,             0.60183,            0.027283,           0.0062458,          0.00029623,           0.0044065,           0.0044065,           0.0044065
                 115,            0.025701,           0.0077983,          0.00082107,             0.97332,             0.98128,             0.98581,             0.60348,             0.02716,           0.0062396,          0.00028251,            0.004357,            0.004357,            0.004357
                 116,             0.02577,           0.0078481,          0.00082025,             0.96649,             0.98557,             0.98585,             0.60398,            0.027083,           0.0062343,          0.00027193,           0.0043075,           0.0043075,           0.0043075
                 117,            0.025569,           0.0077715,           0.0007803,             0.97235,             0.98258,             0.98661,              0.6075,            0.026853,           0.0062003,          0.00026509,            0.004258,            0.004258,            0.004258
                 118,            0.025452,           0.0078484,          0.00075985,             0.97378,             0.98041,             0.98734,              0.6086,            0.026834,           0.0062118,          0.00024989,           0.0042085,           0.0042085,           0.0042085
                 119,            0.025239,           0.0078901,          0.00080955,             0.97414,             0.97875,             0.98669,             0.61053,            0.026737,           0.0061905,          0.00025816,            0.004159,            0.004159,            0.004159
                 120,            0.025243,           0.0077721,          0.00081314,              0.9723,             0.98171,             0.98633,             0.61032,            0.026779,           0.0061944,          0.00025665,           0.0041095,           0.0041095,           0.0041095
                 121,            0.025092,           0.0077117,          0.00073855,             0.97093,             0.98406,             0.98615,              0.6093,            0.026735,           0.0061995,           0.0002566,             0.00406,             0.00406,             0.00406
                 122,            0.025094,           0.0076078,          0.00082052,              0.9685,             0.98517,             0.98632,             0.60849,            0.026689,           0.0061841,          0.00026516,           0.0040105,           0.0040105,           0.0040105
                 123,            0.025018,           0.0076327,          0.00084374,             0.97175,             0.98265,             0.98662,             0.61115,            0.026688,           0.0061888,          0.00025391,            0.003961,            0.003961,            0.003961
                 124,            0.025012,           0.0076446,          0.00080078,             0.97278,             0.98105,             0.98661,             0.61151,            0.026612,           0.0061786,          0.00024919,           0.0039115,           0.0039115,           0.0039115
                 125,            0.024753,           0.0076631,          0.00071985,             0.97263,             0.98046,             0.98665,             0.61284,            0.026523,           0.0061685,          0.00025241,            0.003862,            0.003862,            0.003862
                 126,            0.024743,           0.0076441,          0.00073706,             0.97007,             0.98221,             0.98624,             0.61305,            0.026479,            0.006161,          0.00024935,           0.0038125,           0.0038125,           0.0038125
                 127,            0.024269,           0.0075392,          0.00070697,             0.97138,             0.98282,             0.98679,              0.6128,            0.026479,           0.0061583,          0.00023742,            0.003763,            0.003763,            0.003763
                 128,            0.024254,           0.0076648,          0.00070693,             0.96937,             0.98553,             0.98718,             0.61319,             0.02643,            0.006158,          0.00023096,           0.0037135,           0.0037135,           0.0037135
                 129,            0.024345,           0.0074916,          0.00073629,             0.96936,             0.98634,             0.98599,               0.615,            0.026373,           0.0061502,          0.00023923,            0.003664,            0.003664,            0.003664
                 130,            0.024108,           0.0076072,          0.00065713,             0.97635,             0.98116,             0.98718,               0.615,            0.026341,           0.0061405,          0.00023733,           0.0036145,           0.0036145,           0.0036145
                 131,            0.024043,           0.0074903,            0.000729,             0.97409,             0.98146,             0.98842,             0.61506,            0.026283,           0.0061272,          0.00023817,            0.003565,            0.003565,            0.003565
                 132,            0.023905,           0.0074273,          0.00062297,             0.97564,             0.97902,             0.98845,             0.61563,            0.026276,           0.0061296,          0.00023117,           0.0035155,           0.0035155,           0.0035155
                 133,            0.024084,           0.0073937,          0.00069983,               0.977,             0.97911,             0.98861,             0.61621,            0.026236,           0.0061218,          0.00023411,            0.003466,            0.003466,            0.003466
                 134,             0.02398,           0.0075211,          0.00069531,             0.97494,             0.98122,             0.98951,             0.61804,            0.026155,            0.006112,          0.00023631,           0.0034165,           0.0034165,           0.0034165
                 135,            0.023688,           0.0074417,          0.00068485,             0.97267,             0.98374,              0.9883,             0.61843,            0.026083,           0.0061022,          0.00022744,            0.003367,            0.003367,            0.003367
                 136,            0.023381,           0.0073335,          0.00073083,             0.97159,             0.98483,             0.98856,             0.61874,            0.026006,           0.0060953,          0.00022972,           0.0033175,           0.0033175,           0.0033175
                 137,            0.023806,           0.0073758,          0.00072998,             0.97375,             0.98426,             0.98807,             0.62044,            0.025963,           0.0061008,          0.00022754,            0.003268,            0.003268,            0.003268
                 138,            0.023451,           0.0074615,          0.00080691,             0.97577,             0.98283,             0.98806,             0.62099,            0.025956,           0.0060998,          0.00023018,           0.0032185,           0.0032185,           0.0032185
                 139,            0.023122,           0.0073637,          0.00070676,             0.97567,              0.9828,             0.98798,             0.62111,            0.025965,           0.0060962,          0.00022398,            0.003169,            0.003169,            0.003169
                 140,            0.023257,           0.0073282,          0.00068049,             0.97679,              0.9817,             0.98767,              0.6221,            0.025964,           0.0060884,          0.00021745,           0.0031195,           0.0031195,           0.0031195
                 141,            0.022754,           0.0070598,          0.00070115,             0.97635,             0.98273,             0.98767,             0.62146,            0.025913,           0.0060828,          0.00021323,             0.00307,             0.00307,             0.00307
                 142,            0.022606,           0.0071963,          0.00064368,             0.97549,             0.98328,             0.98781,             0.62205,            0.025863,           0.0060782,          0.00020806,           0.0030205,           0.0030205,           0.0030205
                 143,            0.022695,           0.0072252,          0.00063555,             0.97534,              0.9837,             0.98814,              0.6233,             0.02582,           0.0060769,          0.00020791,            0.002971,            0.002971,            0.002971
                 144,            0.022817,           0.0073492,          0.00070404,             0.97601,             0.98227,             0.98823,             0.62466,             0.02575,           0.0060704,          0.00020775,           0.0029215,           0.0029215,           0.0029215
                 145,            0.022649,            0.007291,          0.00066426,             0.97841,              0.9811,             0.98852,               0.627,            0.025731,           0.0060583,          0.00020435,            0.002872,            0.002872,            0.002872
                 146,            0.022414,           0.0072234,          0.00062858,             0.97737,             0.98156,             0.98831,             0.62525,            0.025723,           0.0060577,          0.00020194,           0.0028225,           0.0028225,           0.0028225
                 147,            0.022109,           0.0070794,          0.00067906,             0.97726,             0.98256,             0.98866,             0.62677,            0.025693,           0.0060627,           0.0002001,            0.002773,            0.002773,            0.002773
                 148,            0.021957,            0.007193,          0.00061834,             0.97798,             0.98316,             0.98869,             0.62761,            0.025662,           0.0060633,           0.0001992,           0.0027235,           0.0027235,           0.0027235
                 149,            0.022272,           0.0070997,          0.00064934,             0.97708,               0.983,             0.98831,             0.62632,            0.025618,           0.0060557,          0.00019943,            0.002674,            0.002674,            0.002674
                 150,            0.022003,           0.0071703,           0.0006445,             0.97854,              0.9822,             0.98824,              0.6264,             0.02562,           0.0060546,          0.00019714,           0.0026245,           0.0026245,           0.0026245
                 151,            0.022008,           0.0070201,          0.00061145,             0.97624,             0.98176,             0.98789,             0.62719,            0.025603,           0.0060525,          0.00019434,            0.002575,            0.002575,            0.002575
                 152,            0.021941,           0.0071143,           0.0005838,             0.97529,             0.98208,             0.98776,             0.62855,            0.025567,           0.0060527,          0.00019557,           0.0025255,           0.0025255,           0.0025255
                 153,            0.021785,           0.0068345,          0.00066333,             0.97669,             0.98079,             0.98776,             0.62863,            0.025528,            0.006053,          0.00019557,            0.002476,            0.002476,            0.002476
                 154,            0.021535,           0.0068825,          0.00060756,             0.97801,             0.97989,             0.98767,                0.63,            0.025486,           0.0060505,          0.00019323,           0.0024265,           0.0024265,           0.0024265
                 155,            0.021634,           0.0069251,          0.00055322,             0.97836,              0.9803,             0.98787,             0.62978,            0.025458,           0.0060571,          0.00019051,            0.002377,            0.002377,            0.002377
                 156,            0.021276,           0.0069445,          0.00064371,             0.97886,              0.9794,             0.98793,              0.6308,            0.025427,           0.0060534,          0.00018864,           0.0023275,           0.0023275,           0.0023275
                 157,             0.02123,           0.0069831,          0.00060602,             0.97789,             0.98035,             0.98794,             0.63068,            0.025374,           0.0060466,           0.0001867,            0.002278,            0.002278,            0.002278
                 158,            0.021172,           0.0070185,          0.00054691,             0.97758,              0.9807,             0.98795,             0.63121,            0.025342,           0.0060427,          0.00018406,           0.0022285,           0.0022285,           0.0022285
                 159,            0.021063,              0.0071,          0.00056646,             0.97901,             0.97978,             0.98794,             0.63109,            0.025288,           0.0060346,          0.00018237,            0.002179,            0.002179,            0.002179
                 160,             0.02104,            0.006889,          0.00060201,             0.97582,             0.98316,             0.98793,             0.63154,            0.025267,           0.0060328,          0.00018109,           0.0021295,           0.0021295,           0.0021295
                 161,             0.02076,           0.0068236,          0.00054782,             0.97643,             0.98286,              0.9879,             0.63186,            0.025231,           0.0060316,          0.00018063,             0.00208,             0.00208,             0.00208
                 162,            0.020725,           0.0069263,          0.00060646,             0.97607,             0.98294,             0.98797,             0.63218,            0.025189,           0.0060293,          0.00017863,           0.0020305,           0.0020305,           0.0020305
                 163,            0.020557,           0.0067941,          0.00055713,              0.9772,             0.98221,             0.98816,             0.63221,            0.025163,           0.0060273,          0.00017852,            0.001981,            0.001981,            0.001981
                 164,            0.020403,           0.0066963,           0.0005542,             0.97799,              0.9812,             0.98807,             0.63299,             0.02514,           0.0060236,          0.00017679,           0.0019315,           0.0019315,           0.0019315
                 165,            0.020727,           0.0068086,          0.00061285,             0.97516,             0.98514,             0.98825,             0.63344,            0.025133,           0.0060229,          0.00017535,            0.001882,            0.001882,            0.001882
                 166,            0.020507,           0.0067951,          0.00058718,             0.97843,             0.98081,             0.98828,              0.6337,            0.025112,           0.0060227,          0.00017453,           0.0018325,           0.0018325,           0.0018325
                 167,            0.020344,           0.0069021,          0.00054098,             0.97063,             0.98825,             0.98825,             0.63392,            0.025092,           0.0060206,          0.00017195,            0.001783,            0.001783,            0.001783
                 168,            0.020075,           0.0065455,          0.00048782,             0.96984,             0.98812,             0.98774,             0.63463,            0.025068,           0.0060205,           0.0001684,           0.0017335,           0.0017335,           0.0017335
                 169,            0.019986,           0.0066786,          0.00057449,             0.97078,              0.9875,             0.98787,             0.63457,            0.025037,           0.0060205,          0.00016569,            0.001684,            0.001684,            0.001684
                 170,            0.019968,           0.0066056,          0.00057021,             0.97141,             0.98779,             0.98826,             0.63523,            0.025016,           0.0060214,          0.00016307,           0.0016345,           0.0016345,           0.0016345
                 171,            0.019724,           0.0065894,          0.00049914,              0.9722,             0.98835,             0.98844,             0.63563,            0.024997,           0.0060238,          0.00016052,            0.001585,            0.001585,            0.001585
                 172,            0.019861,           0.0067042,          0.00051048,             0.97252,             0.98806,             0.98848,             0.63586,            0.024979,           0.0060255,          0.00015751,           0.0015355,           0.0015355,           0.0015355
                 173,            0.019645,           0.0067133,           0.0005574,             0.97283,             0.98807,             0.98849,              0.6357,            0.024962,           0.0060292,          0.00015486,            0.001486,            0.001486,            0.001486
                 174,            0.019279,           0.0065209,          0.00050993,             0.97294,              0.9876,             0.98849,             0.63658,            0.024943,           0.0060345,          0.00015232,           0.0014365,           0.0014365,           0.0014365
                 175,            0.019467,           0.0066321,          0.00052621,             0.97901,             0.98182,             0.98853,              0.6377,            0.024916,           0.0060385,          0.00014992,            0.001387,            0.001387,            0.001387
                 176,            0.019219,           0.0065541,          0.00047654,             0.97904,             0.98126,             0.98846,             0.63753,            0.024894,           0.0060413,          0.00014836,           0.0013375,           0.0013375,           0.0013375
                 177,            0.019187,           0.0065804,          0.00052021,             0.97838,             0.98142,             0.98804,             0.63761,            0.024879,            0.006043,          0.00014529,            0.001288,            0.001288,            0.001288
                 178,            0.018927,           0.0065517,          0.00044152,             0.97902,             0.98144,             0.98856,             0.63816,            0.024872,           0.0060433,          0.00014224,           0.0012385,           0.0012385,           0.0012385
                 179,            0.019111,           0.0064545,          0.00052462,             0.97891,               0.981,             0.98811,             0.63924,            0.024854,           0.0060436,          0.00014091,            0.001189,            0.001189,            0.001189
                 180,            0.018692,           0.0064699,          0.00048394,             0.97926,             0.98144,             0.98816,             0.63911,            0.024839,           0.0060441,          0.00014078,           0.0011395,           0.0011395,           0.0011395
                 181,            0.018898,           0.0064129,          0.00046743,             0.97895,             0.98118,             0.98866,             0.63889,            0.024819,           0.0060468,          0.00013937,             0.00109,             0.00109,             0.00109
                 182,            0.018584,           0.0064089,          0.00047183,             0.97924,             0.98107,             0.98867,             0.63895,            0.024809,           0.0060494,          0.00013799,           0.0010405,           0.0010405,           0.0010405
                 183,            0.018702,           0.0064657,          0.00044087,             0.97873,             0.98112,             0.98868,             0.63928,            0.024801,           0.0060507,          0.00013672,            0.000991,            0.000991,            0.000991
                 184,            0.018559,           0.0064432,          0.00049383,             0.97466,             0.98549,              0.9887,             0.64019,            0.024785,           0.0060524,          0.00013541,           0.0009415,           0.0009415,           0.0009415
                 185,            0.018321,           0.0062856,          0.00045654,             0.97489,             0.98498,             0.98873,             0.63984,            0.024778,           0.0060543,          0.00013467,            0.000892,            0.000892,            0.000892
                 186,            0.018159,            0.006417,          0.00044521,             0.97489,             0.98486,             0.98871,             0.63985,            0.024758,            0.006055,          0.00013423,           0.0008425,           0.0008425,           0.0008425
                 187,            0.018218,           0.0063404,          0.00045033,             0.97467,             0.98462,             0.98843,             0.64024,            0.024737,           0.0060555,          0.00013286,            0.000793,            0.000793,            0.000793
                 188,            0.018001,           0.0063168,          0.00054898,             0.97411,             0.98498,             0.98847,             0.64111,            0.024722,           0.0060563,          0.00013158,           0.0007435,           0.0007435,           0.0007435
                 189,             0.01801,            0.006264,          0.00042346,              0.9744,             0.98521,             0.98851,             0.64128,            0.024704,           0.0060563,          0.00012818,            0.000694,            0.000694,            0.000694
                 190,            0.017772,           0.0063221,          0.00041654,             0.97453,             0.98524,             0.98848,             0.64096,             0.02469,           0.0060573,          0.00012449,           0.0006445,           0.0006445,           0.0006445
                 191,            0.017525,           0.0062789,          0.00043613,              0.9748,               0.985,             0.98848,             0.64115,            0.024677,           0.0060584,          0.00012143,            0.000595,            0.000595,            0.000595
                 192,            0.017601,           0.0062743,          0.00041753,             0.97505,             0.98534,             0.98845,             0.64166,            0.024672,           0.0060607,           0.0001186,           0.0005455,           0.0005455,           0.0005455
                 193,            0.017515,           0.0063257,           0.0003977,             0.97494,             0.98552,             0.98844,              0.6412,            0.024669,            0.006064,          0.00011651,            0.000496,            0.000496,            0.000496
                 194,            0.017398,           0.0062786,          0.00043973,             0.97498,             0.98545,             0.98841,             0.64141,            0.024659,           0.0060674,          0.00011437,           0.0004465,           0.0004465,           0.0004465
                 195,            0.017337,           0.0062574,          0.00041799,             0.97492,              0.9855,              0.9884,             0.64196,            0.024648,           0.0060704,          0.00011228,            0.000397,            0.000397,            0.000397
                 196,            0.017296,           0.0063581,          0.00042302,              0.9753,             0.98593,             0.98877,             0.64241,            0.024637,           0.0060731,          0.00011014,           0.0003475,           0.0003475,           0.0003475
                 197,            0.017236,           0.0061937,          0.00039188,             0.97541,             0.98593,             0.98878,             0.64261,            0.024635,           0.0060769,          0.00010808,            0.000298,            0.000298,            0.000298
                 198,            0.016946,           0.0062653,          0.00041226,             0.97542,             0.98586,             0.98873,             0.64279,            0.024626,           0.0060798,          0.00010595,           0.0002485,           0.0002485,           0.0002485
                 199,            0.017101,           0.0062228,           0.0004099,             0.97563,             0.98538,             0.98873,              0.6439,            0.024618,           0.0060826,           0.0001039,            0.000199,            0.000199,            0.000199
